player,team,pos,salary,opp,gp,fppg,fpmax,fpmin,floor,ceil,%3x,%4x,%5x,%6x
Ty Lawson,DEN,PG,7000.00,vs. POR,5,29.55,40.5,9.5,19.02,40.08,0.8,0.8,0.2,0
Alonzo Gee,DEN,SF,3000.00,vs. POR,5,9.9,15.25,2.75,5.03,14.77,0.6,0.6,0.2,0
J.R. Smith,NYK,SG,3900.00,vs. ORL,7,18.61,26.25,11.75,13.47,23.75,1,0.71,0.43,0.14
Jeremy Lin,LAL,PG,5500.00,@ NOP,7,23.64,38.25,9,13.81,33.48,0.86,0.57,0.29,0.29
Brandon Jennings,DET,PG,6000.00,@ WAS,7,26.18,35.5,10.5,16.51,35.85,0.71,0.57,0.57,0
Danny Green,SAS,SG,0,N/A,7,19.07,31.5,8,11.58,26.56,0,0,0,0
Avery Bradley,BOS,PG,4900.00,vs. OKC,6,22.38,50,10,9.25,35.5,0.83,0.33,0.33,0.17
Sebastian Telfair,OKC,PG,3100.00,@ BOS,8,19.78,31.25,4.75,10.69,28.88,0.75,0.75,0.63,0.63
Mario Chalmers,MIA,PG,4400.00,vs. IND,7,22.5,37.5,10.75,13.84,31.16,0.71,0.71,0.57,0.29
Lance Stephenson,CHA,SG,0,N/A,8,30.34,41.25,14.25,20.82,39.87,0,0,0,0
Gary Neal,CHA,SG,0,N/A,8,21.47,33,10.25,13.78,29.16,0,0,0,0
Jannero Pargo,CHA,PG,0,N/A,1,2,2,2,2,2,0,0,0,0
A.J. Price,IND,PG,3000.00,@ MIA,3,17.58,25.25,11,11.72,23.45,1,0.67,0.67,0.33
Mo Williams,MIN,PG,4100.00,vs. HOU,6,17.38,25.5,8.75,11.04,23.71,0.67,0.67,0.5,0.17
Manu Ginobili,SAS,SG,0,N/A,6,23.29,35,7.5,14.73,31.86,0,0,0,0
Dwyane Wade,MIA,SG,7800.00,vs. IND,7,37.14,47.75,26.5,29.9,44.38,1,0.57,0.57,0.14
Ramon Sessions,SAC,PG,0,N/A,7,12.07,22.25,2.5,4.38,19.76,0,0,0,0
Tony Parker,SAS,PG,0,N/A,7,28.25,40.25,7.75,18.62,37.88,0,0,0,0
Xavier Henry,LAL,SG,3000.00,@ NOP,4,2.81,6.25,1.5,0.82,4.81,0,0,0,0
Arron Afflalo,DEN,SG,4600.00,vs. POR,6,18.83,24.25,9.75,12.46,25.21,0.67,0.67,0.5,0
Ricky Rubio,MIN,PG,5500.00,vs. HOU,5,32.7,46.5,16.25,22.51,42.89,0.8,0.8,0.8,0.6
Randy Foye,DEN,PG,4000.00,vs. POR,6,20.04,48,8.5,6.33,33.75,0.5,0.33,0.33,0.33
Jeff Teague,ATL,PG,7000.00,vs. UTA,6,32.96,51,12.5,17.86,48.05,0.67,0.67,0.5,0.33
Greivis Vasquez,TOR,PG,0,N/A,8,16.47,29,7.5,10.12,22.82,0,0,0,0
Wayne Ellington,LAL,SG,3000.00,@ NOP,6,12.21,17.25,0,6.17,18.25,0.83,0.67,0.5,0
Gerald Henderson,CHA,SG,0,N/A,6,9.04,14.25,2,4.07,14.02,0,0,0,0
Marcus Thornton,BOS,SG,3000.00,vs. OKC,6,9.46,12.75,6.75,6.94,11.97,0.5,0.33,0,0
Jerryd Bayless,MIL,SG,0,N/A,8,14.97,29.75,6.5,8.59,21.34,0,0,0,0
Willie Green,ORL,SG,3000.00,@ NYK,4,4.5,9.5,2,1.52,7.48,0.25,0,0,0
Jarrett Jack,BKN,SG,4000.00,@ PHO,6,16.83,26.75,8.5,11.23,22.44,0.83,0.67,0.33,0.17
Courtney Lee,MEM,SG,0,N/A,6,26.83,37.75,20.5,21.49,32.18,0,0,0,0
Shannon Brown,MIA,SG,3000.00,vs. IND,1,1,1,1,1,1,0,0,0,0
Steve Blake,POR,PG,3000.00,@ DEN,7,15.61,19.25,4.5,10.83,20.38,0.86,0.86,0.71,0.43
J.J. Redick,LAC,SG,0,N/A,7,19.61,39,4.5,9.26,29.95,0,0,0,0
Eric Bledsoe,PHO,PG,6600.00,vs. BKN,7,28.89,47.25,9,16.29,41.49,0.71,0.71,0.29,0.14
Marco Belinelli,SAS,SG,0,N/A,3,14.58,24.5,2.25,5.34,23.83,0,0,0,0
Leandro Barbosa,GSW,SG,0,N/A,7,14.04,18.25,8.25,10.52,17.55,0,0,0,0
Nate Robinson,DEN,PG,3000.00,vs. POR,6,12.17,24,4.5,5.64,18.7,0.67,0.5,0.33,0.17
James Harden,HOU,SG,10300.00,@ MIN,7,48.96,57.75,41,42.1,55.83,1,0.86,0.43,0
Goran Dragic,PHO,PG,6200.00,vs. BKN,7,24.32,36.25,12.75,15.22,33.42,0.57,0.57,0.29,0
Louis Williams,TOR,SG,0,N/A,8,14.81,21,9,10.52,19.11,0,0,0,0
Aaron Brooks,CHI,PG,0,N/A,8,23.09,39,6.25,13.38,32.8,0,0,0,0
Luke Ridnour,ORL,PG,3000.00,@ NYK,8,13.03,25.5,5,6.21,19.85,0.63,0.38,0.38,0.25
Jameer Nelson,DAL,PG,0,N/A,8,17.66,22,10,13.83,21.48,0,0,0,0
Beno Udrih,MEM,PG,0,N/A,8,13.38,22.75,4.25,7.12,19.63,0,0,0,0
Rodney Stuckey,IND,PG,3000.00,@ MIA,4,15.19,29.75,1.5,5.17,25.21,0.75,0.75,0.5,0.25
DeMar DeRozan,TOR,SG,0,N/A,8,35.5,44.25,23.75,28.79,42.21,0,0,0,0
O.J. Mayo,MIL,SG,0,N/A,8,23.22,40.25,8.5,14.17,32.26,0,0,0,0
Kyle Lowry,TOR,PG,0,N/A,8,35.84,49.5,20.25,25.1,46.59,0,0,0,0
Kirk Hinrich,CHI,SG,0,N/A,8,17.09,29,6.75,9.92,24.27,0,0,0,0
Ben Gordon,ORL,SG,3000.00,@ NYK,8,11.63,28.5,3.25,4.11,19.14,0.63,0.38,0.25,0.13
Darren Collison,SAC,PG,0,N/A,7,33.36,43.5,26,26.45,40.26,0,0,0,0
Mike Conley,MEM,PG,0,N/A,8,30.22,48.25,15.5,21.44,39,0,0,0,0
Nick Young,LAL,SG,3700.00,@ NOP,1,0,0,0,0,0,0,0,0,0
D.J. Augustin,DET,PG,3700.00,@ WAS,7,20.14,32.25,10.25,13.33,26.95,0.86,0.71,0.43,0.29
Vince Carter,MEM,SG,0,N/A,7,10.39,16.75,3,5.6,15.19,0,0,0,0
Kevin Martin,MIN,SG,5900.00,vs. HOU,5,30.3,46.75,12,17.05,43.55,0.8,0.6,0.6,0.4
Jason Terry,HOU,SG,3500.00,@ MIN,7,13.79,24.5,8,8.26,19.31,0.57,0.43,0.14,0.14
Tyreke Evans,NOP,SG,7600.00,vs. LAL,6,36.79,55,27.5,28.08,45.5,1,0.83,0.17,0.17
Andre Miller,WAS,PG,3000.00,vs. DET,7,10,20.75,1.5,2.63,17.37,0.43,0.29,0.29,0.29
Jrue Holiday,NOP,PG,7400.00,vs. LAL,6,32.75,44.5,21.75,23.72,41.78,0.83,0.5,0.33,0.17
Jamal Crawford,LAC,SG,0,N/A,6,27.75,33.5,16.75,21.62,33.88,0,0,0,0
Devin Harris,DAL,PG,0,N/A,8,22.69,29,9.25,16.62,28.76,0,0,0,0
Eric Gordon,NOP,SG,4100.00,vs. LAL,5,19.65,24.75,11.25,14.67,24.63,0.8,0.8,0.4,0.2
Raymond Felton,DAL,PG,0,N/A,1,0,0,0,0,0,0,0,0,0
Stephen Curry,GSW,PG,0,N/A,7,50.43,64,31.5,39.59,61.27,0,0,0,0
Deron Williams,BKN,PG,7700.00,@ PHO,6,35.46,40.75,29,31.51,39.41,1,0.83,0.33,0
Kobe Bryant,LAL,SG,8500.00,@ NOP,7,41.96,55.75,27.25,32.54,51.39,1,0.86,0.43,0.29
Joe Johnson,BKN,SG,6900.00,@ PHO,6,34.04,54.5,26.25,24.57,43.51,1,0.83,0.17,0.17
Russell Westbrook,OKC,PG,0,N/A,2,32.38,56.25,8.5,8.5,56.25,0,0,0,0
John Wall,WAS,PG,9200.00,vs. DET,7,41.89,61,21.25,26.78,57,0.71,0.57,0.43,0.29
Rajon Rondo,BOS,PG,8200.00,vs. OKC,5,39,50,26.5,30.46,47.54,1,0.6,0.6,0.2
Derrick Rose,CHI,PG,0,N/A,4,31.31,38.5,26.75,26.9,35.73,0,0,0,0
Chris Paul,LAC,PG,0,N/A,7,45.54,53.5,35,39.48,51.59,0,0,0,0
Monta Ellis,DAL,SG,0,N/A,8,29.5,41,20.25,23.8,35.2,0,0,0,0
Carmelo Anthony,NYK,SF,8600.00,vs. ORL,8,33.94,45.25,24.5,28.17,39.7,0.88,0.5,0.13,0
Chris Bosh,MIA,C,8700.00,vs. IND,7,43.86,56.25,35.75,37.21,50.5,1,1,0.43,0.14
Jonas Jerebko,DET,PF,3000.00,@ WAS,5,10.05,17.75,6.75,6.02,14.08,0.4,0.2,0.2,0
Caron Butler,DET,SF,3600.00,@ WAS,7,16.93,35.5,9.25,8.11,25.74,0.57,0.43,0.43,0.14
Tim Duncan,SAS,PF,0,N/A,6,38.46,58.75,27,28.29,48.62,0,0,0,0
Brandan Wright,DAL,PF,0,N/A,8,17.28,25.25,6,11.04,23.52,0,0,0,0
Trevor Booker,UTA,PF,3200.00,@ ATL,8,17.53,31.25,7.25,10.32,24.74,0.75,0.75,0.75,0.38
Mike Miller,CLE,SF,0,N/A,5,4.9,7.5,1.25,2.37,7.43,0,0,0,0
Steve Novak,UTA,SF,3000.00,@ ATL,3,4.17,8.25,1.25,1.19,7.14,0,0,0,0
Reggie Evans,SAC,PF,0,N/A,8,12.5,25.5,3.5,6.32,18.68,0,0,0,0
DeMarre Carroll,ATL,PF,5000.00,vs. UTA,6,24.83,28.75,14.75,19.98,29.69,0.83,0.83,0.67,0
Matt Barnes,LAC,SF,0,N/A,7,11.86,18.75,4,6.96,16.75,0,0,0,0
Richard Jefferson,DAL,SF,0,N/A,7,6.46,10,5.25,4.77,8.16,0,0,0,0
James Johnson,TOR,SF,0,N/A,8,17.78,25,10,12.47,23.09,0,0,0,0
Luke Babbitt,NOP,SF,3000.00,vs. LAL,2,2,4,0,0,4,0,0,0,0
LeBron James,CLE,SF,0,N/A,6,47.58,69,25.75,32.39,62.78,0,0,0,0
Marreese Speights,GSW,PF,0,N/A,6,10.96,23.75,5.75,4.45,17.47,0,0,0,0
Quincy Pondexter,MEM,SF,0,N/A,8,6.91,13.75,1.25,2.92,10.9,0,0,0,0
Gordon Hayward,UTA,SG,8000.00,@ ATL,8,37.5,49.5,27.25,29.62,45.38,1,0.75,0.38,0.13
Josh McRoberts,MIA,PF,3000.00,vs. IND,5,8.5,18.5,4.25,3.2,13.8,0.4,0.2,0.2,0.2
Larry Sanders,MIL,C,0,N/A,8,24.22,39.25,13.5,17,31.43,0,0,0,0
Patrick Patterson,TOR,PF,0,N/A,8,19,33.5,3.5,10.74,27.26,0,0,0,0
Austin Daye,SAS,SF,0,N/A,4,8.81,16,0,1.85,15.78,0,0,0,0
Anthony Tolliver,PHO,PF,3000.00,vs. BKN,6,7.58,14.5,3.5,4.03,11.14,0.33,0.17,0,0
Ed Davis,LAL,PF,4800.00,@ NOP,7,23.64,37.75,17,17.1,30.19,1,0.71,0.57,0.14
Derrick Favors,UTA,C,6900.00,@ ATL,8,32.78,52.75,10.75,20.03,45.53,0.75,0.75,0.63,0.13
Darrell Arthur,DEN,PF,3000.00,vs. POR,5,12.05,21.5,1.25,4.02,20.08,0.6,0.4,0.4,0.4
Jordan Hill,LAL,C,6500.00,@ NOP,7,33.57,45.25,22,24.61,42.54,1,0.71,0.43,0.43
Kyle Korver,ATL,SG,5600.00,vs. UTA,6,29.63,44,20.5,21.61,37.64,1,0.67,0.5,0.17
Omri Casspi,SAC,SF,0,N/A,8,14,21,7,9.46,18.54,0,0,0,0
Thabo Sefolosha,ATL,SG,3000.00,vs. UTA,6,14.58,20,7,10.36,18.81,0.83,0.83,0.33,0.33
Chase Budinger,MIN,SF,3000.00,vs. HOU,3,3.67,5,2.25,2.54,4.79,0,0,0,0
Taj Gibson,CHI,PF,0,N/A,7,26.54,41.5,18.25,17.75,35.33,0,0,0,0
Corey Brewer,MIN,SF,3500.00,vs. HOU,6,14.08,28.75,1.25,4.86,23.31,0.67,0.5,0.5,0.17
Al-Farouq Aminu,DAL,SF,0,N/A,8,11.31,33.5,2,1.79,20.84,0,0,0,0
Wesley Johnson,LAL,SF,3500.00,@ NOP,7,15.68,22,10,11.48,19.88,0.86,0.57,0.29,0.14
Ryan Anderson,NOP,PF,5500.00,vs. LAL,6,27.46,48.75,14.5,16.19,38.73,0.83,0.67,0.33,0.33
Tony Allen,MEM,SG,0,N/A,8,22.75,29.25,13.75,17.53,27.97,0,0,0,0
Amir Johnson,TOR,PF,0,N/A,5,22.15,41,10.25,11.97,32.33,0,0,0,0
Francisco Garcia,HOU,SF,3000.00,@ MIN,3,3.75,7,0,0.87,6.63,0,0,0,0
Thaddeus Young,MIN,PF,6400.00,vs. HOU,6,28.38,41.5,12.25,18.71,38.04,0.83,0.67,0.5,0.17
Evan Turner,BOS,SF,4100.00,vs. OKC,6,18.13,33.75,2.75,7.35,28.9,0.5,0.5,0.5,0.33
Serge Ibaka,OKC,PF,7400.00,@ BOS,8,32.38,45.25,25.75,26.75,38,1,0.63,0.13,0.13
Tyler Hansbrough,TOR,PF,0,N/A,8,12.06,24.25,2.75,6.02,18.11,0,0,0,0
Mike Dunleavy,CHI,SF,0,N/A,8,22.78,43.75,9.25,11.11,34.45,0,0,0,0
C.J. Miles,IND,SF,3200.00,@ MIA,5,14.95,25.75,3.75,7.51,22.39,0.8,0.6,0.4,0.4
Ersan Ilyasova,MIL,PF,0,N/A,7,14.5,23.25,9.25,10.08,18.92,0,0,0,0
Anthony Morrow,OKC,SG,3000.00,@ BOS,1,10,10,10,10,10,1,0,0,0
Carl Landry,SAC,PF,0,N/A,8,15.84,27,7,9.05,22.63,0,0,0,0
Kris Humphries,WAS,C,3200.00,vs. DET,4,14.56,26.75,5.5,5.33,23.79,0.5,0.5,0.5,0.5
Charlie Villanueva,DAL,PF,0,N/A,4,2.19,4.25,0,0.53,3.85,0,0,0,0
Boris Diaw,SAS,PF,0,N/A,7,21.68,24.75,16.75,18.91,24.45,0,0,0,0
John Salmons,NOP,SF,3000.00,vs. LAL,3,2.25,4,1.25,1.01,3.49,0,0,0,0
Jeff Green,BOS,SF,7000.00,vs. OKC,6,34.17,54.75,25,24.05,44.29,1,0.67,0.33,0.17
Nicolas Batum,POR,SF,6800.00,@ DEN,7,30.5,38.5,23.75,25.24,35.76,1,0.57,0.43,0
Landry Fields,TOR,SF,0,N/A,1,3.5,3.5,3.5,3.5,3.5,0,0,0,0
Andrei Kirilenko,BKN,SF,3000.00,@ PHO,4,3.81,8.75,1.25,0.75,6.88,0,0,0,0
Marvin Williams,CHA,PF,0,N/A,8,15.88,31,7.75,8.38,23.37,0,0,0,0
Jared Dudley,MIL,SF,0,N/A,8,9.97,14.5,7.25,7.83,12.1,0,0,0,0
Tayshaun Prince,MEM,SF,0,N/A,4,13.19,20.75,6.75,7.66,18.71,0,0,0,0
Elton Brand,ATL,C,3200.00,vs. UTA,1,2.75,2.75,2.75,2.75,2.75,0,0,0,0
Trevor Ariza,HOU,SF,6400.00,@ MIN,7,30.54,48,19.25,20.9,40.17,1,0.57,0.43,0.29
Hedo Turkoglu,LAC,SF,0,N/A,4,6,14.75,1.5,0.59,11.41,0,0,0,0
Gerald Wallace,BOS,SF,3000.00,vs. OKC,2,3.75,5.25,2.25,2.25,5.25,0,0,0,0
Wilson Chandler,DEN,SF,4100.00,vs. POR,6,19.29,30,12.25,13.83,24.76,0.83,0.67,0.33,0.17
Luol Deng,MIA,SF,5400.00,vs. IND,7,25.79,46.25,13.25,15.56,36.01,0.86,0.57,0.43,0.14
Danilo Gallinari,DEN,SF,3500.00,vs. POR,6,13.17,17.75,2,7.98,18.35,0.83,0.67,0.17,0
Kevin Garnett,BKN,PF,5000.00,@ PHO,6,23.42,41.5,12.75,13.92,32.91,0.83,0.5,0.33,0.17
Luis Scola,IND,PF,4300.00,@ MIA,8,19.72,26.5,7.25,13.55,25.89,0.88,0.75,0.63,0.13
Shawn Marion,CLE,SF,0,N/A,6,13.25,21,6,7.39,19.11,0,0,0,0
Andre Iguodala,GSW,SF,0,N/A,7,16,29,4.5,7.15,24.85,0,0,0,0
Paul Millsap,ATL,PF,7500.00,vs. UTA,6,32.38,43.75,24.5,25.94,38.81,1,0.67,0.17,0
Dorell Wright,POR,SF,3000.00,@ DEN,4,5.31,8.75,1.5,2.29,8.34,0,0,0,0
Wesley Matthews,POR,SG,6100.00,@ DEN,8,29.19,39.5,19,22.85,35.52,1,0.75,0.5,0.13
Paul Pierce,WAS,SF,5200.00,vs. DET,7,25.46,37.25,13.25,17.42,33.51,0.86,0.71,0.43,0.29
Rudy Gay,SAC,SF,0,N/A,8,39.63,55,24.25,28.3,50.95,0,0,0,0
Carlos Boozer,LAL,PF,5300.00,@ NOP,7,23.32,34.5,8.5,15.13,31.52,0.71,0.71,0.29,0.14
Josh Smith,DET,PF,7800.00,@ WAS,7,36.04,45.25,27.25,30.58,41.49,1,0.86,0.29,0
Dirk Nowitzki,DAL,PF,0,N/A,8,34.44,48.5,22.25,26.51,42.36,0,0,0,0
Kevin Love,CLE,PF,0,N/A,6,37.96,47.5,27.5,30.9,45.02,0,0,0,0
LaMarcus Aldridge,POR,PF,8900.00,@ DEN,8,38.94,49.25,25,30.3,47.57,0.88,0.63,0.38,0
Ian Mahinmi,IND,C,3000.00,@ MIA,8,11,17.75,6.25,7.11,14.89,0.63,0.38,0.25,0
Joel Anthony,DET,PF,3000.00,@ WAS,3,7.83,11,3.25,4.51,11.15,0.67,0,0,0
DeJuan Blair,WAS,C,3000.00,vs. DET,2,3.13,3.5,2.75,2.75,3.5,0,0,0,0
Greg Stiemsma,TOR,C,0,N/A,2,8.75,10.75,6.75,6.75,10.75,0,0,0,0
Chuck Hayes,TOR,PF,0,N/A,4,3.94,6,1.25,2.23,5.65,0,0,0,0
J.J. Hickson,DEN,C,3300.00,vs. POR,1,20.5,20.5,20.5,20.5,20.5,1,1,1,1
Kendrick Perkins,OKC,C,3000.00,@ BOS,8,14.38,24.75,3.5,6.46,22.29,0.75,0.5,0.5,0.5
Cole Aldrich,NYK,C,3000.00,vs. ORL,6,10.96,17.75,2.5,5.95,15.97,0.67,0.67,0.17,0
Kosta Koufos,MEM,C,0,N/A,7,10.54,19.25,5.5,6.01,15.06,0,0,0,0
Nikola Pekovic,MIN,C,6100.00,vs. HOU,6,28.46,37.25,17,21.64,35.28,0.83,0.83,0.33,0.17
Joakim Noah,CHI,C,0,N/A,6,30.17,41,18.5,21.73,38.6,0,0,0,0
Chris Kaman,POR,C,3500.00,@ DEN,8,20.94,31.5,11.25,14.28,27.59,1,0.88,0.63,0.5
Anderson Varejao,CLE,C,0,N/A,6,22.75,30.25,18.25,18.68,26.82,0,0,0,0
Matt Bonner,SAS,PF,0,N/A,4,8.81,13.25,2.5,4.76,12.87,0,0,0,0
Kevin Seraphin,WAS,PF,3000.00,vs. DET,5,12.5,22,1.5,5.7,19.3,0.8,0.6,0.4,0.2
Tiago Splitter,SAS,C,0,N/A,2,7.25,14.5,0,0,14.5,0,0,0,0
Udonis Haslem,MIA,PF,3000.00,vs. IND,2,15.63,15.75,15.5,15.5,15.75,1,1,1,0
Timofey Mozgov,DEN,C,4400.00,vs. POR,6,19.79,32,9.25,10.83,28.75,0.67,0.5,0.33,0.33
Jason Maxiell,CHA,PF,0,N/A,7,6.46,9.25,2.75,4.25,8.68,0,0,0,0
Zaza Pachulia,MIL,C,0,N/A,7,14.93,31.5,4.5,6.37,23.48,0,0,0,0
Omer Asik,NOP,C,5900.00,vs. LAL,6,28,48.25,16.25,17.27,38.73,0.83,0.67,0.33,0.17
Nick Collison,OKC,C,3000.00,@ BOS,8,14.88,24.5,4.5,7.85,21.9,0.75,0.63,0.5,0.38
Samuel Dalembert,NYK,C,3400.00,vs. ORL,8,12.44,23,2.5,4.99,19.88,0.5,0.5,0.38,0.13
Robin Lopez,POR,C,6000.00,@ DEN,8,26.69,37.5,10.5,18.96,34.41,0.88,0.63,0.5,0.13
Jason Smith,NYK,C,3000.00,vs. ORL,8,13.03,22.75,7.75,8.42,17.64,0.88,0.5,0.25,0.13
Drew Gooden,WAS,PF,3000.00,vs. DET,6,13.88,25.25,8,7.77,19.98,0.83,0.5,0.33,0.33
Jason Thompson,SAC,PF,0,N/A,8,11.69,20.75,3.25,5.87,17.5,0,0,0,0
Spencer Hawes,LAC,C,0,N/A,7,14.29,27,6,7.54,21.03,0,0,0,0
Brandon Bass,BOS,PF,3000.00,vs. OKC,6,12.46,23,2.75,5.96,18.95,0.67,0.5,0.33,0.17
Marcin Gortat,WAS,C,6300.00,vs. DET,7,29.86,40.25,16.75,22.25,37.46,0.86,0.71,0.43,0.14
Tyson Chandler,DAL,C,0,N/A,8,29.31,39.75,17.5,22.56,36.07,0,0,0,0
Glen Davis,LAC,PF,0,N/A,1,7.75,7.75,7.75,7.75,7.75,0,0,0,0
Channing Frye,ORL,PF,5200.00,@ NYK,8,19.47,33.5,0,7.46,31.48,0.75,0.5,0.38,0.25
JaVale McGee,DEN,C,3300.00,vs. POR,6,13.58,28.5,6,5.37,21.79,0.5,0.33,0.33,0.33
DeAndre Jordan,LAC,C,0,N/A,7,30.89,41.75,15.75,22.49,39.29,0,0,0,0
Greg Monroe,DET,PF,7100.00,@ WAS,5,36.85,53,21.25,26.41,47.29,0.8,0.8,0.6,0.2
Roy Hibbert,IND,C,7000.00,@ MIA,8,33.16,47.25,9.25,21.04,45.27,0.75,0.75,0.63,0.25
DeMarcus Cousins,SAC,C,0,N/A,8,43.22,68.25,32.25,31.64,54.79,0,0,0,0
Marc Gasol,MEM,C,0,N/A,8,36.56,54.25,27.25,28.67,44.45,0,0,0,0
Andrew Bogut,GSW,C,0,N/A,7,27.29,39,17.75,19.72,34.85,0,0,0,0
Al Jefferson,CHA,C,0,N/A,8,37.81,55.25,25,27.82,47.81,0,0,0,0
Brook Lopez,BKN,C,6900.00,@ PHO,4,29.44,38.75,22.25,23.22,35.65,1,0.5,0.25,0
Al Horford,ATL,C,7100.00,vs. UTA,6,33,48.5,18,23.08,42.92,0.83,0.67,0.33,0.17
David Lee,GSW,PF,0,N/A,1,5.5,5.5,5.5,5.5,5.5,0,0,0,0
Dwight Howard,HOU,C,8500.00,@ MIN,6,41.38,58.5,31.25,32.42,50.33,1,0.83,0.33,0.17
Pau Gasol,CHI,PF,0,N/A,8,40.53,52.75,33.75,34.9,46.16,0,0,0,0
Blake Griffin,LAC,PF,0,N/A,7,38.79,52.25,15.75,26.92,50.65,0,0,0,0
Zach Randolph,MEM,PF,0,N/A,8,34.81,46.75,20,25.26,44.37,0,0,0,0
Nikola Vucevic,ORL,C,8400.00,@ NYK,8,41.94,56.25,27.25,33.36,50.52,1,0.75,0.5,0.13
Donatas Motiejunas,HOU,SF,3400.00,@ MIN,7,12.75,32,3.25,3.63,21.87,0.43,0.43,0.14,0.14
Enes Kanter,UTA,C,5100.00,@ ATL,8,20.47,30.75,4.5,12.53,28.41,0.88,0.5,0.25,0.13
Jonas Valanciunas,TOR,C,0,N/A,7,22.57,31,12,15.33,29.81,0,0,0,0
Derrick Williams,SAC,PF,0,N/A,4,5.75,13,1,1.11,10.39,0,0,0,0
Tristan Thompson,CLE,PF,0,N/A,6,20.04,40.75,8.5,9.96,30.13,0,0,0,0
Kawhi Leonard,SAS,SF,0,N/A,7,27.43,52.5,0,11.75,43.1,0,0,0,0
Kenneth Faried,DEN,PF,6300.00,vs. POR,6,27.5,49.25,12.75,15.26,39.74,0.67,0.5,0.33,0.17
Markieff Morris,PHO,PF,6600.00,vs. BKN,7,30,45.5,13.75,19.59,40.41,0.86,0.57,0.43,0.29
Klay Thompson,GSW,SG,0,N/A,6,36.83,52.25,23,26.89,46.78,0,0,0,0
Marcus Morris,PHO,PF,4100.00,vs. BKN,7,20.36,29.25,7.75,13.03,27.68,0.86,0.57,0.57,0.29
Jon Leuer,MEM,PF,0,N/A,8,6.16,13,2.75,3,9.31,0,0,0,0
Chandler Parsons,DAL,SF,0,N/A,8,25.66,41.75,12.75,16.12,35.2,0,0,0,0
Kyle Singler,DET,SF,3000.00,@ WAS,7,8.79,14.75,1.25,4.89,12.68,0.43,0.29,0,0
Jimmy Butler,CHI,SG,0,N/A,6,35.88,43.25,27,29.96,41.79,0,0,0,0
Lavoy Allen,IND,C,4300.00,@ MIA,8,22.41,40.75,9.25,13.02,31.8,0.75,0.75,0.5,0.38
Tobias Harris,ORL,SF,6800.00,@ NYK,8,34,52.25,20,23.79,44.21,0.75,0.75,0.63,0.25
Kyrie Irving,CLE,PG,0,N/A,6,34.96,53.25,19.75,23.49,46.42,0,0,0,0
Kemba Walker,CHA,PG,0,N/A,8,32.06,51.75,18.25,20.53,43.59,0,0,0,0
Brandon Knight,MIL,SG,0,N/A,8,37.22,54,24.25,28.56,45.87,0,0,0,0
Jimmer Fredette,NOP,PG,3000.00,vs. LAL,3,6.42,7,5.25,5.59,7.24,0,0,0,0
Cory Joseph,SAS,PG,0,N/A,7,14.25,21,9.25,10.27,18.23,0,0,0,0
Isaiah Thomas,PHO,PG,5800.00,vs. BKN,7,27.5,45.75,10.25,16.27,38.73,0.86,0.57,0.57,0.29
Iman Shumpert,NYK,SG,5000.00,vs. ORL,8,26.03,35.5,16.75,19.96,32.11,1,0.75,0.63,0.25
Norris Cole,MIA,PG,3100.00,vs. IND,7,15.96,29.75,7.5,6.89,25.03,0.43,0.43,0.43,0.43
Reggie Jackson,OKC,PG,6500.00,@ BOS,5,39.35,45.5,32.5,34.07,44.63,1,1,1,0.4
Alec Burks,UTA,SG,5000.00,@ ATL,8,22.78,26.25,17,19.82,25.75,1,0.75,0.38,0
Shelvin Mack,ATL,PG,3000.00,vs. UTA,3,9.92,13.25,5,6.37,13.47,0.67,0.33,0,0
Lance Thomas,OKC,SF,3300.00,@ BOS,8,14.16,24,7.25,7.55,20.76,0.63,0.38,0.38,0.38
Donald Sloan,IND,PG,5200.00,@ MIA,8,27.94,48.5,9.75,16.11,39.76,0.75,0.63,0.63,0.25
Greg Smith,DAL,PF,0,N/A,3,1.92,3.75,0,0.38,3.45,0,0,0,0
Gerald Green,PHO,SG,4300.00,vs. BKN,7,19.75,32,7,10.29,29.21,0.71,0.43,0.43,0.29
Alan Anderson,BKN,SG,3000.00,@ PHO,6,12.25,21.25,6.25,7,17.5,0.67,0.5,0.33,0.17
Anthony Davis,NOP,PF,11200.00,vs. LAL,6,58.08,75.75,30.5,43.94,72.23,0.83,0.83,0.67,0.17
Michael Kidd-Gilchrist,CHA,SF,0,N/A,6,20.46,37,5.25,10.3,30.61,0,0,0,0
Dion Waiters,CLE,SG,0,N/A,5,13.6,25.5,6.5,6.57,20.63,0,0,0,0
Thomas Robinson,POR,PF,3000.00,@ DEN,5,9.15,14.5,3.25,4.58,13.72,0.6,0.4,0,0
Damian Lillard,POR,PG,7700.00,@ DEN,8,36.75,51.5,22.5,26.9,46.6,0.88,0.75,0.38,0.25
Harrison Barnes,GSW,SF,0,N/A,7,20.82,33.5,8.25,12.36,29.29,0,0,0,0
Terrence Ross,TOR,SG,0,N/A,8,20.38,34.25,9,11.75,29,0,0,0,0
Austin Rivers,NOP,PG,3000.00,vs. LAL,6,14.17,26.75,6.5,7.89,20.45,0.83,0.67,0.17,0.17
Andre Drummond,DET,C,7000.00,@ WAS,7,28.71,37.5,19.5,23.65,33.78,0.86,0.71,0.14,0
Meyers Leonard,POR,C,3000.00,@ DEN,2,4.38,7.25,1.5,1.5,7.25,0,0,0,0
Kendall Marshall,MIL,PG,0,N/A,2,8.38,12.75,4,4,12.75,0,0,0,0
John Henson,MIL,C,0,N/A,8,11.31,32.25,1.25,2.28,20.34,0,0,0,0
Tyler Zeller,BOS,C,3000.00,vs. OKC,6,12.08,24.25,3.75,5.04,19.12,0.5,0.33,0.33,0.33
Terrence Jones,HOU,PF,5500.00,@ MIN,4,31.25,45.25,18.25,18.35,44.15,1,0.5,0.5,0.5
Evan Fournier,ORL,SG,4900.00,@ NYK,8,24.72,37,16.75,18.29,31.15,1,0.75,0.5,0.25
Andrew Nicholson,ORL,PF,3000.00,@ NYK,2,1.38,2.75,0,0,2.75,0,0,0,0
Jared Cunningham,LAC,SG,0,N/A,3,3.75,6.5,2,1.78,5.72,0,0,0,0
Miles Plumlee,PHO,C,4300.00,vs. BKN,7,18.54,37.5,9.5,9.6,27.48,0.57,0.57,0.29,0.14
Festus Ezeli,GSW,C,0,N/A,7,8.25,16.5,3.25,3.98,12.52,0,0,0,0
Chris Copeland,IND,PF,6300.00,@ MIA,8,26.38,43,10.25,16.64,36.11,0.88,0.63,0.25,0.13
Robert Sacre,LAL,C,3000.00,@ NOP,6,7.04,11.75,4,4.19,9.89,0.33,0,0,0
Ryan Hollins,SAC,C,0,N/A,4,2.38,3.25,1.5,1.7,3.05,0,0,0,0
Kyle O'Quinn,ORL,C,3600.00,@ NYK,1,21.5,21.5,21.5,21.5,21.5,1,1,1,0
Jae Crowder,DAL,SF,0,N/A,7,5,18.75,1.5,-0.69,10.69,0,0,0,0
Alexey Shved,PHI,SG,0,N/A,7,16.89,30.75,10,10.21,23.58,0,0,0,0
P.J. Tucker,PHO,SF,4300.00,vs. BKN,4,23.25,31.75,12.25,15.63,30.87,0.75,0.75,0.5,0.5
Darius Miller,NOP,SG,3000.00,vs. LAL,2,1.5,3,0,0,3,0,0,0,0
Jeremy Lamb,OKC,SG,3900.00,@ BOS,3,26.5,33.75,22.75,21.37,31.63,1,1,1,0.33
Ish Smith,OKC,PG,3000.00,@ BOS,3,6.67,10,1.5,2.96,10.37,0.33,0,0,0
Mirza Teletovic,BKN,SF,4100.00,@ PHO,6,22.54,34,16,16.83,28.25,1,0.83,0.5,0.17
Brian Roberts,CHA,PG,0,N/A,8,10.19,14,4.25,6.78,13.6,0,0,0,0
Tony Wroten,PHI,SG,0,N/A,7,42.36,54.25,28.75,33.27,51.44,0,0,0,0
Quincy Acy,NYK,PF,3000.00,vs. ORL,6,13.54,24.5,5.25,7.21,19.88,0.67,0.5,0.5,0.17
Draymond Green,GSW,SF,0,N/A,7,30.5,45.5,18.75,20.93,40.07,0,0,0,0
Patty Mills,SAS,PG,0,N/A,1,0,0,0,0,0,0,0,0,0
Ronnie Price,LAL,PG,3000.00,@ NOP,7,16.61,27,7.5,10.66,22.55,0.86,0.71,0.71,0.29
Will Barton,POR,SG,3000.00,@ DEN,5,5.6,11.5,3.5,2.56,8.64,0.2,0,0,0
Joel Freeland,POR,C,3000.00,@ DEN,5,5.65,13.75,1.25,1.3,10,0.2,0.2,0,0
Pablo Prigioni,NYK,PG,3000.00,vs. ORL,6,10.96,17,1.25,5.76,16.15,0.67,0.5,0.33,0
Kent Bazemore,ATL,SG,3000.00,vs. UTA,3,7.5,10.5,4.75,5.15,9.85,0.33,0,0,0
Khris Middleton,MIL,PF,0,N/A,6,18.38,27.5,6.25,12.13,24.62,0,0,0,0
Mike Scott,ATL,PF,3000.00,vs. UTA,6,14.38,28,7.25,7.24,21.51,0.67,0.5,0.33,0.33
Shaun Livingston,GSW,PG,0,N/A,6,8.33,17.75,1.5,3.03,13.64,0,0,0,0
Luc Mbah a Moute,PHI,PF,0,N/A,6,20.25,38.75,12.5,11.56,28.94,0,0,0,0
Steve Nash,LAL,PG,0,N/A,1,0,0,0,0,0,0,0,0,0
Chris Douglas-Roberts,LAC,SG,0,N/A,4,4.56,7.25,2.5,2.71,6.41,0,0,0,0
Garrett Temple,WAS,SG,3700.00,vs. DET,7,23.32,36.25,15.5,15.61,31.03,1,1,0.57,0.43
Jared Sullinger,BOS,PF,6900.00,vs. OKC,6,32.25,42.5,25,26.26,38.24,1,0.67,0.33,0.17
Patrick Beverley,HOU,PG,3900.00,@ MIN,3,19.92,23,14,15.73,24.1,1,0.67,0.67,0
Chris Johnson,PHI,SF,0,N/A,7,14.89,30.75,3.25,6.78,23,0,0,0,0
Chris Andersen,MIA,C,3000.00,vs. IND,2,12.88,22,3.75,3.75,22,0.5,0.5,0.5,0.5
Aron Baynes,SAS,PF,0,N/A,6,12.71,30.5,7.5,4.61,20.81,0,0,0,0
Henry Sims,PHI,C,0,N/A,7,20.14,33,8,12.47,27.82,0,0,0,0
Malcolm Thomas,PHI,PF,0,N/A,5,11.75,19.25,4.25,5.36,18.14,0,0,0,0
Shavlik Randolph,PHO,PF,3000.00,vs. BKN,2,5.25,9.25,1.25,1.25,9.25,0.5,0,0,0
Justin Holiday,GSW,SG,0,N/A,1,3.5,3.5,3.5,3.5,3.5,0,0,0,0
Mason Plumlee,BKN,C,3700.00,@ PHO,6,17.67,29.5,10.5,11.25,24.08,0.83,0.5,0.33,0.17
Hollis Thompson,PHI,SG,0,N/A,7,20.93,29.25,10,14.07,27.78,0,0,0,0
Victor Oladipo,ORL,SG,5500.00,@ NYK,1,0,0,0,0,0,0,0,0,0
Gal Mekel,DAL,PG,0,N/A,1,0,0,0,0,0,0,0,0,0
Ricky Ledo,DAL,SG,0,N/A,1,0,0,0,0,0,0,0,0,0
Brandon Davies,PHI,PF,0,N/A,7,19.21,28.5,2.75,10.87,27.56,0,0,0,0
Ben McLemore,SAC,SG,0,N/A,8,16.81,27.5,5,8.75,24.87,0,0,0,0
Ray McCallum,SAC,PG,0,N/A,4,6.13,10.5,2.75,3.34,8.91,0,0,0,0
Shawne Williams,MIA,SF,4300.00,vs. IND,7,22,29,11,16.35,27.65,0.86,0.86,0.57,0.29
Ryan Kelly,LAL,PF,3000.00,@ NOP,2,1,2,0,0,2,0,0,0,0
Justin Hamilton,MIA,C,3000.00,vs. IND,4,11.75,26.25,4,3.19,20.31,0.25,0.25,0.25,0.25
Cody Zeller,CHA,C,0,N/A,8,18.31,25.5,11.5,13.66,22.96,0,0,0,0
Anthony Bennett,MIN,SF,3000.00,vs. HOU,5,11.4,25.75,2,3.39,19.41,0.6,0.4,0.2,0.2
Matthew Dellavedova,CLE,SG,0,N/A,3,8.42,11.5,4.5,5.5,11.33,0,0,0,0
Kelly Olynyk,BOS,C,5400.00,vs. OKC,6,27.5,38.75,14,18.9,36.1,0.83,0.83,0.5,0.33
Phil Pressey,BOS,PG,3000.00,vs. OKC,3,12.17,17.25,3,5.67,18.66,0.67,0.67,0.67,0
Jorge Gutierrez,BKN,PG,3000.00,@ PHO,1,4,4,4,4,4,0,0,0,0
Steven Adams,OKC,C,4200.00,@ BOS,8,20.53,34.75,8.75,13.73,27.33,0.88,0.75,0.63,0.13
Andre Roberson,OKC,SG,3300.00,@ BOS,4,19.5,30,6.25,10.86,28.14,0.75,0.75,0.75,0.5
Giannis Antetokounmpo,MIL,SG,0,N/A,8,20.34,30.25,11.75,14.67,26.01,0,0,0,0
Archie Goodwin,PHO,SG,3000.00,vs. BKN,2,5.38,8,2.75,2.75,8,0,0,0,0
Solomon Hill,IND,SF,4600.00,@ MIA,8,23.16,42,8.75,13.74,32.57,0.88,0.63,0.38,0.25
Rasual Butler,WAS,SG,3000.00,vs. DET,3,9.58,15.75,4.75,4.99,14.17,0.33,0.33,0.33,0
Kentavious Caldwell-Pope,DET,SG,4100.00,@ WAS,7,20.57,26.25,12.25,15.52,25.63,0.86,0.71,0.57,0.29
Tony Snell,CHI,SG,0,N/A,6,6.21,15.25,1.25,1.69,10.72,0,0,0,0
Isaiah Canaan,HOU,PG,3600.00,@ MIN,7,16.57,28.5,2.75,6.74,26.4,0.71,0.57,0.57,0.29
Tim Hardaway Jr.,NYK,SG,3800.00,vs. ORL,8,15.34,26.5,1.5,6.62,24.07,0.5,0.5,0.5,0.25
Sergey Karasev,BKN,SG,3000.00,@ PHO,3,3.17,4.75,1.5,1.84,4.49,0,0,0,0
Alex Len,PHO,C,3000.00,vs. BKN,7,13.07,28.75,2,4.12,22.02,0.57,0.43,0.43,0.43
Jordan Farmar,LAC,PG,0,N/A,6,10.75,18.75,2.25,5.32,16.18,0,0,0,0
Dewayne Dedmon,ORL,C,3000.00,@ NYK,6,8.63,20.5,4.5,3.11,14.14,0.17,0.17,0.17,0.17
Ognjen Kuzmic,GSW,C,0,N/A,1,3.25,3.25,3.25,3.25,3.25,0,0,0,0
Pero Antic,ATL,C,3000.00,vs. UTA,5,10.8,18,5.5,6.6,15,0.6,0.2,0.2,0.2
Robbie Hummel,MIN,SF,3000.00,vs. HOU,3,6.75,11.75,2,2.77,10.73,0.33,0,0,0
Shabazz Muhammad,MIN,SF,3000.00,vs. HOU,5,11.25,25.25,1.75,2.83,19.67,0.4,0.4,0.4,0.2
Ian Clark,UTA,SG,3000.00,@ ATL,3,3.67,5.5,2,2.23,5.1,0,0,0,0
Nate Wolters,MIL,PG,0,N/A,2,6.13,9.5,2.75,2.75,9.5,0,0,0,0
Rudy Gobert,UTA,C,3000.00,@ ATL,8,14.06,27.25,4.75,7.44,20.68,0.75,0.63,0.5,0.25
Gorgui Dieng,MIN,C,4400.00,vs. HOU,6,20.67,34,12.25,13.65,27.69,0.83,0.67,0.33,0.17
Reggie Bullock,LAC,SG,0,N/A,2,12.5,17.5,7.5,7.5,17.5,0,0,0,0
Moe Harkless,ORL,SF,3000.00,@ NYK,6,10.88,19.75,0,3.32,18.43,0.5,0.5,0.5,0.33
Jeff Withey,NOP,C,3000.00,vs. LAL,1,1.25,1.25,1.25,1.25,1.25,0,0,0,0
Allen Crabbe,POR,SG,3000.00,@ DEN,3,4.58,7,2,2.54,6.63,0,0,0,0
Brandon Rush,GSW,SG,0,N/A,1,3,3,3,3,3,0,0,0,0
Shane Larkin,NYK,PG,3100.00,vs. ORL,8,15.13,28,6.5,8.38,21.87,0.88,0.5,0.38,0.25
Trey Burke,UTA,PG,4900.00,@ ATL,8,21.66,33.25,17,16.85,26.46,1,0.63,0.13,0.13
Otto Porter,WAS,SF,3100.00,vs. DET,7,16.54,32.75,3,7.43,25.64,0.71,0.57,0.57,0.57
Alexis Ajinca,NOP,PF,3000.00,vs. LAL,4,3.94,6.25,1.5,2.22,5.65,0,0,0,0
C.J. McCollum,POR,PG,3000.00,@ DEN,6,9.75,23.5,3.5,3.07,16.43,0.5,0.17,0.17,0.17
Nene Hilario,WAS,C,5700.00,vs. DET,6,27.38,41,13,18.21,36.54,0.83,0.5,0.5,0.33
Troy Daniels,HOU,PG,3000.00,@ MIN,5,4.45,11.25,1,0.8,8.1,0.2,0,0,0
James Young,BOS,SG,3000.00,vs. OKC,1,9.25,9.25,9.25,9.25,9.25,1,0,0,0
Marcus Smart,BOS,PG,3600.00,vs. OKC,5,15.05,24,3.75,6.93,23.17,0.6,0.6,0.4,0.4
Jerome Jordan,BKN,C,3000.00,@ PHO,5,5.1,13.75,1,0.16,10.04,0.2,0.2,0,0
Cory Jefferson,BKN,PF,3000.00,@ PHO,1,10.5,10.5,10.5,10.5,10.5,1,0,0,0
Bojan Bogdanovic,BKN,SG,3800.00,@ PHO,6,17.33,35.5,5.5,7.78,26.88,0.83,0.33,0.33,0.17
Cleanthony Early,NYK,SF,3000.00,vs. ORL,5,7.05,20.75,1.5,0.1,14,0.2,0.2,0.2,0.2
Amar'e Stoudemire,NYK,PF,5000.00,vs. ORL,8,26.19,33.5,15.5,20.23,32.15,1,0.75,0.75,0.38
Travis Wear,NYK,PF,3000.00,vs. ORL,4,3.06,7,1,0.74,5.38,0,0,0,0
Nerlens Noel,PHI,C,0,N/A,5,24.1,39,11.5,13.99,34.21,0,0,0,0
JaKarr Sampson,PHI,SF,0,N/A,6,7.42,16.25,1.5,2.17,12.67,0,0,0,0
K.J. McDaniels,PHI,SF,0,N/A,7,18.46,24.25,9.5,13.62,23.31,0,0,0,0
Doug McDermott,CHI,SF,0,N/A,7,9.11,23.75,2,1.89,16.32,0,0,0,0
Nikola Mirotic,CHI,PF,0,N/A,6,13.54,26,2.25,4.22,22.86,0,0,0,0
Alex Kirk,CLE,C,0,N/A,1,3.5,3.5,3.5,3.5,3.5,0,0,0,0
Joe Harris,CLE,SG,0,N/A,3,5.42,8.25,3.25,3.32,7.51,0,0,0,0
Spencer Dinwiddie,DET,PG,3000.00,@ WAS,1,1.5,1.5,1.5,1.5,1.5,0,0,0,0
Shayne Whittington,IND,C,3000.00,@ MIA,1,8.75,8.75,8.75,8.75,8.75,0,0,0,0
Damjan Rudez,IND,PF,3000.00,@ MIA,7,8.57,12.5,3.5,5.67,11.47,0.43,0.29,0,0
Jabari Parker,MIL,SF,0,N/A,8,21.91,29.75,15,16.39,27.43,0,0,0,0
Dennis Schroder,ATL,PG,3300.00,vs. UTA,5,16.45,25,2.25,8.05,24.85,0.8,0.8,0.6,0.4
P.J. Hairston,CHA,SG,0,N/A,5,10.75,19.5,4.75,5.61,15.89,0,0,0,0
Shabazz Napier,MIA,PG,3000.00,vs. IND,7,13.43,18.75,8.75,9.65,17.21,0.86,0.57,0.43,0.14
James Ennis,MIA,SG,3000.00,vs. IND,6,6.71,12.5,2.5,3.22,10.2,0.33,0.17,0,0
Aaron Gordon,ORL,PF,3000.00,@ NYK,8,11.56,31,3.5,3.24,19.88,0.5,0.25,0.25,0.13
Elfrid Payton,ORL,PG,5500.00,@ NYK,8,22.84,34,6.75,12.78,32.91,0.63,0.5,0.5,0.13
Devyn Marble,ORL,SF,0,N/A,1,5.25,5.25,5.25,5.25,5.25,0,0,0,0
Glen Rice,WAS,SG,0,N/A,5,3.7,5.75,1.5,2.24,5.16,0,0,0,0
Jose Barea,DAL,PG,0,N/A,6,13.96,18,9,10.83,17.08,0,0,0,0
Nick Johnson,HOU,SG,3000.00,@ MIN,2,1.63,2,1.25,1.25,2,0,0,0,0
Tarik Black,HOU,PF,3000.00,@ MIN,5,5.6,8.25,2.75,3.74,7.46,0,0,0,0
Kostas Papanikolaou,HOU,SF,3700.00,@ MIN,7,18.21,29.25,8.5,10.82,25.6,0.71,0.57,0.57,0.29
Joey Dorsey,HOU,PF,3000.00,@ MIN,2,4.38,6.75,2,2,6.75,0,0,0,0
Clint Capela,HOU,PF,0,N/A,1,4.75,4.75,4.75,4.75,4.75,0,0,0,0
Russ Smith,NOP,PG,3000.00,vs. LAL,1,-1,-1,-1,-1,-1,0,0,0,0
Kyle Anderson,SAS,SF,0,N/A,2,13.63,24,3.25,3.25,24,0,0,0,0
Jeff Ayres,SAS,C,0,N/A,4,6.88,13,1.25,2.32,11.43,0,0,0,0
Erick Green,DEN,PG,3000.00,vs. POR,1,8.75,8.75,8.75,8.75,8.75,0,0,0,0
Jusuf Nurkic,DEN,C,3000.00,vs. POR,5,12.95,18.25,7.5,9.01,16.89,0.8,0.6,0.4,0.2
Andrew Wiggins,MIN,SF,4500.00,vs. HOU,6,17.71,25.5,13.75,13.29,22.12,1,0.33,0.17,0
Zach LaVine,MIN,PG,3200.00,vs. HOU,2,15.5,20,11,11,20,1,0.5,0.5,0.5
Perry Jones,OKC,SF,4100.00,@ BOS,4,17.25,35,4.75,4.91,29.59,0.5,0.5,0.5,0.25
Dante Exum,UTA,PG,3100.00,@ ATL,7,16.07,24,8.5,10.22,21.92,0.86,0.71,0.43,0.43
Joe Ingles,UTA,SF,3000.00,@ ATL,6,6.96,16.75,1.5,1.98,11.94,0.33,0.17,0.17,0
Rodney Hood,UTA,SF,3000.00,@ ATL,5,12.8,18.5,5.75,8.13,17.47,0.8,0.6,0.4,0.2
Jordan Clarkson,LAL,PG,3000.00,@ NOP,4,9.81,16,5.5,5.96,13.67,0.5,0.25,0.25,0
Julius Randle,LAL,PF,0,N/A,1,1.5,1.5,1.5,1.5,1.5,0,0,0,0
Tyler Ennis,PHO,PG,3000.00,vs. BKN,1,7,7,7,7,7,0,0,0,0
Nik Stauskas,SAC,SG,0,N/A,7,7.39,16.25,1,2.35,12.43,0,0,0,0
Will Cherry,CLE,PG,0,N/A,2,2.25,3.25,1.25,1.25,3.25,0,0,0,0
